<?xml version="1.0" encoding="UTF-8" ?>
<!DOCTYPE tiles-definitions PUBLIC
       "-//Apache Software Foundation//DTD Tiles Configuration 2.0//EN"
       "http://tiles.apache.org/dtds/tiles-config_2_0.dtd">
       
  <!--     카페 홈페이지 메인 타일즈 -->
<tiles-definitions>
   <definition name="cafebaseLayout"
      template="/WEB-INF/views/common/cafe/layout.jsp">
      <put-attribute name="title" value="레이아웃 페이지" />
      <put-attribute name="header" value="/WEB-INF/views/common/cafe/header.jsp" />
      <put-attribute name="body" value="" />
      <put-attribute name="side" value="/WEB-INF/views/common/cafe/side.jsp" />
      <put-attribute name="footer" value="/WEB-INF/views/common/cafe/footer.jsp" />
         
   </definition>
   
   
   <definition name="/cafe/main" extends="cafebaseLayout">
      <put-attribute name="title" value="카페 메인페이지" />
       <put-attribute name="body" value="/WEB-INF/views/cafe/content.jsp" /> 
   </definition>
   
 
	
	<definition name="/cafe/mypage" extends="cafebaseLayout">
		<put-attribute name="title" value="카페 마이페이지" />
 		<put-attribute name="body" value="/WEB-INF/views/cafe/cafemypage.jsp" />  
 		
	</definition>

	
	<definition name="/cafe/jobapp" extends="cafebaseLayout">
		<put-attribute name="title" value="카페 마이(일반)페이지" />
 		<put-attribute name="body" value="/WEB-INF/views/cafe/jobapp.jsp" />  

	</definition>

<!--	
	<definition name="/boardData/searchBoardList"
	extends="baseLayout">
	<put-attribute name="title" value="글 검색창"/>
	<put-attribute name="body" value="/WEB-INF/views/boardData/searchBoardList.jsp"/>
	</definition> -->
	
 <!-- 게시판에 조회하는거 -->
	<definition name="/hireinfo/hireinfo" extends="cafebaseLayout">
		<put-attribute name="title" value="hireinfo 연습" />
		<put-attribute name="body" value="/WEB-INF/views/cafe/board.jsp" />
	</definition>

<!-- 글상세조회 
	<definition name="/cafehireinfo/viewArticle" extends="cafebaseLayout">
		<put-attribute name="title" value="글상세창" />
		<put-attribute name="body" value="WEB-INF/views/cafehireinfo/viewArticle.jsp" />
	</definition>-->
	
	
	<!--  캘린더 --> 
   	<definition name="/cafe/celender" extends="cafebaseLayout">
		<put-attribute name="title" value="Calendar 연습" />
		<put-attribute name="body" value="/WEB-INF/views/cafe/celender.jsp" />
	</definition>
   

</tiles-definitions>

