<?xml version="1.0" encoding="UTF-8" ?>
<!DOCTYPE tiles-definitions PUBLIC
       "-//Apache Software Foundation//DTD Tiles Configuration 2.0//EN"
       "http://tiles.apache.org/dtds/tiles-config_2_0.dtd">
<tiles-definitions>
	<definition name="counseolr_baseLayout"
		template="/WEB-INF/views/common/counselor/layout.jsp">
		<put-attribute name="title" value="레이아웃 페이지" />
		<put-attribute name="side" value="/WEB-INF/views/common/counselor/side.jsp" />
		<put-attribute name="body" value="" />
	</definition>
	
	<definition name="/counselor/main" extends="counseolr_baseLayout">
		<put-attribute name="title" value="상담사 메인페이지" />
 		<put-attribute name="body" value="/WEB-INF/views/counselor/main.jsp" /> 
	</definition>
	
	<definition name="/counselor/jobregForm" extends="counseolr_baseLayout">
		<put-attribute name="title" value="상담사 메인페이지" />
 		<put-attribute name="body" value="/WEB-INF/views/counselor/jobregForm.jsp" /> 
	</definition>
	
	<definition name="/counselor/uniregForm" extends="counseolr_baseLayout">
		<put-attribute name="title" value="상담사 메인페이지" />
 		<put-attribute name="body" value="/WEB-INF/views/counselor/uniregForm.jsp" /> 
	</definition>
	
	<definition name="/counselor/uniregList" extends="counseolr_baseLayout">
		<put-attribute name="title" value="상담사 메인페이지" />
 		<put-attribute name="body" value="/WEB-INF/views/counselor/uniregList.jsp" /> 
	</definition>
	
	<definition name="/counselor/uniregView" extends="counseolr_baseLayout">
		<put-attribute name="title" value="상담사 메인페이지" />
 		<put-attribute name="body" value="/WEB-INF/views/counselor/uniregView.jsp" /> 
	</definition>
	
	<definition name="/counselor/attendance" extends="counseolr_baseLayout">
		<put-attribute name="title" value="상담사 메인페이지" />
 		<put-attribute name="body" value="/WEB-INF/views/counselor/attendance.jsp" /> 
	</definition>
	
	<definition name="/counselor/commuteCheck" extends="counseolr_baseLayout">
		<put-attribute name="title" value="상담사 메인페이지" />
 		<put-attribute name="body" value="/WEB-INF/views/counselor/attendance.jsp" /> 
	</definition>

</tiles-definitions>


